대표발의자_정당,공동발의자_정당,협력지수,파일명,평균_혼합성지수
국민의당,국민의당,0.7122291928457163,20대_소관위원회_행정안전위원회.csv,0.12134774797491096
국민의당,더불어민주당,0.11563594035670387,20대_소관위원회_행정안전위원회.csv,0.12134774797491096
국민의당,자유한국당,0.0408538615880018,20대_소관위원회_행정안전위원회.csv,0.12134774797491096
국민의당,정의당,0.022944235171313093,20대_소관위원회_행정안전위원회.csv,0.12134774797491096
더불어민주당,국민의당,0.11373561715524867,20대_소관위원회_행정안전위원회.csv,0.12134774797491096
더불어민주당,더불어민주당,0.906818396693743,20대_소관위원회_행정안전위원회.csv,0.12134774797491096
더불어민주당,자유한국당,0.024121903942397965,20대_소관위원회_행정안전위원회.csv,0.12134774797491096
더불어민주당,정의당,0.07728905743003728,20대_소관위원회_행정안전위원회.csv,0.12134774797491096
자유한국당,국민의당,0.043932650969769074,20대_소관위원회_행정안전위원회.csv,0.12134774797491096
자유한국당,더불어민주당,0.031190880117676564,20대_소관위원회_행정안전위원회.csv,0.12134774797491096
자유한국당,자유한국당,0.9322777758130526,20대_소관위원회_행정안전위원회.csv,0.12134774797491096
자유한국당,정의당,0.007789989970623487,20대_소관위원회_행정안전위원회.csv,0.12134774797491096
정의당,국민의당,0.04589001073150382,20대_소관위원회_행정안전위원회.csv,0.12134774797491096
정의당,더불어민주당,0.060833353169664005,20대_소관위원회_행정안전위원회.csv,0.12134774797491096
정의당,자유한국당,0.0023854652330693024,20대_소관위원회_행정안전위원회.csv,0.12134774797491096
정의당,정의당,0.4572803834340383,20대_소관위원회_행정안전위원회.csv,0.12134774797491096
국민의당,국민의당,0.7004374242639305,20대_소관위원회_법제사법위원회.csv,0.12181876754567629
국민의당,더불어민주당,0.12221402241528118,20대_소관위원회_법제사법위원회.csv,0.12181876754567629
국민의당,자유한국당,0.04158082777847091,20대_소관위원회_법제사법위원회.csv,0.12181876754567629
국민의당,정의당,0.03635859900754261,20대_소관위원회_법제사법위원회.csv,0.12181876754567629
더불어민주당,국민의당,0.12517360786795428,20대_소관위원회_법제사법위원회.csv,0.12181876754567629
더불어민주당,더불어민주당,0.906382906232253,20대_소관위원회_법제사법위원회.csv,0.12181876754567629
더불어민주당,자유한국당,0.01733313350613874,20대_소관위원회_법제사법위원회.csv,0.12181876754567629
더불어민주당,정의당,0.08350433189957886,20대_소관위원회_법제사법위원회.csv,0.12181876754567629
자유한국당,국민의당,0.04359126018692454,20대_소관위원회_법제사법위원회.csv,0.12181876754567629
자유한국당,더불어민주당,0.021992274696275543,20대_소관위원회_법제사법위원회.csv,0.12181876754567629
자유한국당,자유한국당,0.9420843843375213,20대_소관위원회_법제사법위원회.csv,0.12181876754567629
자유한국당,정의당,0.007333186671066519,20대_소관위원회_법제사법위원회.csv,0.12181876754567629
정의당,국민의당,0.029960947967078426,20대_소관위원회_법제사법위원회.csv,0.12181876754567629
정의당,더불어민주당,0.06680459352486953,20대_소관위원회_법제사법위원회.csv,0.12181876754567629
정의당,자유한국당,0.0014897439659260262,20대_소관위원회_법제사법위원회.csv,0.12181876754567629
정의당,정의당,0.41257064159960044,20대_소관위원회_법제사법위원회.csv,0.12181876754567629
국민의당,국민의당,0.6821087879930675,20대_소관위원회_국토교통위원회.csv,0.11255052841766912
국민의당,더불어민주당,0.11296610726407393,20대_소관위원회_국토교통위원회.csv,0.11255052841766912
국민의당,자유한국당,0.0333502112228917,20대_소관위원회_국토교통위원회.csv,0.11255052841766912
국민의당,정의당,0.06704237292046454,20대_소관위원회_국토교통위원회.csv,0.11255052841766912
더불어민주당,국민의당,0.1267495387401358,20대_소관위원회_국토교통위원회.csv,0.11255052841766912
더불어민주당,더불어민주당,0.9122850895956393,20대_소관위원회_국토교통위원회.csv,0.11255052841766912
더불어민주당,자유한국당,0.02743766862402121,20대_소관위원회_국토교통위원회.csv,0.11255052841766912
더불어민주당,정의당,0.053527564720197394,20대_소관위원회_국토교통위원회.csv,0.11255052841766912
자유한국당,국민의당,0.04706342184940737,20대_소관위원회_국토교통위원회.csv,0.11255052841766912
자유한국당,더불어민주당,0.03373409585159086,20대_소관위원회_국토교통위원회.csv,0.11255052841766912
자유한국당,자유한국당,0.9361599480916634,20대_소관위원회_국토교통위원회.csv,0.11255052841766912
자유한국당,정의당,0.005837216644363825,20대_소관위원회_국토교통위원회.csv,0.11255052841766912
정의당,국민의당,0.018660037311015155,20대_소관위원회_국토교통위원회.csv,0.11255052841766912
정의당,더불어민주당,0.029101183458843466,20대_소관위원회_국토교통위원회.csv,0.11255052841766912
정의당,정의당,0.34426414547202727,20대_소관위원회_국토교통위원회.csv,0.11255052841766912
국민의당,국민의당,0.7044977537666474,20대_소관위원회_보건복지위원회.csv,0.13672508925673482
국민의당,더불어민주당,0.10974932975362052,20대_소관위원회_보건복지위원회.csv,0.13672508925673482
국민의당,자유한국당,0.03621377405457933,20대_소관위원회_보건복지위원회.csv,0.13672508925673482
국민의당,정의당,0.032181739710087844,20대_소관위원회_보건복지위원회.csv,0.13672508925673482
더불어민주당,국민의당,0.11680366153975892,20대_소관위원회_보건복지위원회.csv,0.13672508925673482
더불어민주당,더불어민주당,0.896274227538965,20대_소관위원회_보건복지위원회.csv,0.13672508925673482
더불어민주당,자유한국당,0.02043775773302838,20대_소관위원회_보건복지위원회.csv,0.13672508925673482
더불어민주당,정의당,0.10972616951444636,20대_소관위원회_보건복지위원회.csv,0.13672508925673482
자유한국당,국민의당,0.042723027757296375,20대_소관위원회_보건복지위원회.csv,0.13672508925673482
자유한국당,더불어민주당,0.02545861040553889,20대_소관위원회_보건복지위원회.csv,0.13672508925673482
자유한국당,자유한국당,0.937080208859081,20대_소관위원회_보건복지위원회.csv,0.13672508925673482
자유한국당,정의당,0.0029228477181173673,20대_소관위원회_보건복지위원회.csv,0.13672508925673482
정의당,국민의당,0.06557516890759679,20대_소관위원회_보건복지위원회.csv,0.13672508925673482
정의당,더불어민주당,0.11068827197109614,20대_소관위원회_보건복지위원회.csv,0.13672508925673482
정의당,자유한국당,0.0035931582415649438,20대_소관위원회_보건복지위원회.csv,0.13672508925673482
정의당,정의당,0.46609075343249085,20대_소관위원회_보건복지위원회.csv,0.13672508925673482
국민의당,국민의당,0.7247833932799763,20대_소관위원회_기획재정위원회.csv,0.11493265841091928
국민의당,더불어민주당,0.07537341564674546,20대_소관위원회_기획재정위원회.csv,0.11493265841091928
국민의당,자유한국당,0.040857641211472395,20대_소관위원회_기획재정위원회.csv,0.11493265841091928
국민의당,정의당,0.02971591996262089,20대_소관위원회_기획재정위원회.csv,0.11493265841091928
더불어민주당,국민의당,0.14294526968400176,20대_소관위원회_기획재정위원회.csv,0.11493265841091928
더불어민주당,더불어민주당,0.9102231701270131,20대_소관위원회_기획재정위원회.csv,0.11493265841091928
더불어민주당,자유한국당,0.03685906068638193,20대_소관위원회_기획재정위원회.csv,0.11493265841091928
더불어민주당,정의당,0.04730359929512637,20대_소관위원회_기획재정위원회.csv,0.11493265841091928
자유한국당,국민의당,0.0354561335809718,20대_소관위원회_기획재정위원회.csv,0.11493265841091928
자유한국당,더불어민주당,0.023714157891340643,20대_소관위원회_기획재정위원회.csv,0.11493265841091928
자유한국당,자유한국당,0.9335697467517552,20대_소관위원회_기획재정위원회.csv,0.11493265841091928
자유한국당,정의당,0.0014612927364261162,20대_소관위원회_기획재정위원회.csv,0.11493265841091928
정의당,국민의당,0.024496752873465404,20대_소관위원회_기획재정위원회.csv,0.11493265841091928
정의당,더불어민주당,0.07124738692331252,20대_소관위원회_기획재정위원회.csv,0.11493265841091928
정의당,자유한국당,0.0006659321785622304,20대_소관위원회_기획재정위원회.csv,0.11493265841091928
정의당,정의당,0.5380065385332878,20대_소관위원회_기획재정위원회.csv,0.11493265841091928
국민의당,국민의당,0.703017188619863,20대_소관위원회_정무위원회.csv,0.125143236234244
국민의당,더불어민주당,0.13264638541074575,20대_소관위원회_정무위원회.csv,0.125143236234244
국민의당,자유한국당,0.03799517158365293,20대_소관위원회_정무위원회.csv,0.125143236234244
국민의당,정의당,0.023931658896451716,20대_소관위원회_정무위원회.csv,0.125143236234244
더불어민주당,국민의당,0.12115927604944814,20대_소관위원회_정무위원회.csv,0.125143236234244
더불어민주당,더불어민주당,0.9042173829013516,20대_소관위원회_정무위원회.csv,0.125143236234244
더불어민주당,자유한국당,0.021531999892478726,20대_소관위원회_정무위원회.csv,0.125143236234244
더불어민주당,정의당,0.08156808008310944,20대_소관위원회_정무위원회.csv,0.125143236234244
자유한국당,국민의당,0.03910811005899189,20대_소관위원회_정무위원회.csv,0.125143236234244
자유한국당,더불어민주당,0.0175206989218142,20대_소관위원회_정무위원회.csv,0.125143236234244
자유한국당,자유한국당,0.9414113755498931,20대_소관위원회_정무위원회.csv,0.125143236234244
자유한국당,정의당,0.00780467046350526,20대_소관위원회_정무위원회.csv,0.125143236234244
정의당,국민의당,0.027999311692047918,20대_소관위원회_정무위원회.csv,0.125143236234244
정의당,더불어민주당,0.07685440267784326,20대_소관위원회_정무위원회.csv,0.125143236234244
정의당,자유한국당,0.007004499373425055,20대_소관위원회_정무위원회.csv,0.125143236234244
정의당,정의당,0.44717328964655717,20대_소관위원회_정무위원회.csv,0.125143236234244
국민의당,국민의당,0.7298475643287522,20대_소관위원회_산업통상자원중소벤처기업위원회.csv,0.10367170626349892
국민의당,더불어민주당,0.10736077393078888,20대_소관위원회_산업통상자원중소벤처기업위원회.csv,0.10367170626349892
국민의당,자유한국당,0.033574003671070135,20대_소관위원회_산업통상자원중소벤처기업위원회.csv,0.10367170626349892
국민의당,정의당,0.02246312055894586,20대_소관위원회_산업통상자원중소벤처기업위원회.csv,0.10367170626349892
더불어민주당,국민의당,0.10648519462559561,20대_소관위원회_산업통상자원중소벤처기업위원회.csv,0.10367170626349892
더불어민주당,더불어민주당,0.9216141766779475,20대_소관위원회_산업통상자원중소벤처기업위원회.csv,0.10367170626349892
더불어민주당,자유한국당,0.025024796154097712,20대_소관위원회_산업통상자원중소벤처기업위원회.csv,0.10367170626349892
더불어민주당,정의당,0.055937385173294815,20대_소관위원회_산업통상자원중소벤처기업위원회.csv,0.10367170626349892
자유한국당,국민의당,0.04325323770611957,20대_소관위원회_산업통상자원중소벤처기업위원회.csv,0.10367170626349892
자유한국당,더불어민주당,0.02367746323489365,20대_소관위원회_산업통상자원중소벤처기업위원회.csv,0.10367170626349892
자유한국당,자유한국당,0.939890975573907,20대_소관위원회_산업통상자원중소벤처기업위원회.csv,0.10367170626349892
자유한국당,정의당,0.0061350847819359195,20대_소관위원회_산업통상자원중소벤처기업위원회.csv,0.10367170626349892
정의당,국민의당,0.01730680932974067,20대_소관위원회_산업통상자원중소벤처기업위원회.csv,0.10367170626349892
정의당,더불어민주당,0.04053790915043462,20대_소관위원회_산업통상자원중소벤처기업위원회.csv,0.10367170626349892
정의당,자유한국당,0.006813924445416923,20대_소관위원회_산업통상자원중소벤처기업위원회.csv,0.10367170626349892
정의당,정의당,0.4615930911724977,20대_소관위원회_산업통상자원중소벤처기업위원회.csv,0.10367170626349892
국민의당,국민의당,0.7085242925011499,20대_소관위원회_환경노동위원회.csv,0.12373633411097389
국민의당,더불어민주당,0.0969640844157321,20대_소관위원회_환경노동위원회.csv,0.12373633411097389
국민의당,자유한국당,0.05252303808784536,20대_소관위원회_환경노동위원회.csv,0.12373633411097389
국민의당,정의당,0.03363890276841835,20대_소관위원회_환경노동위원회.csv,0.12373633411097389
더불어민주당,국민의당,0.10940526470376265,20대_소관위원회_환경노동위원회.csv,0.12373633411097389
더불어민주당,더불어민주당,0.913103280984108,20대_소관위원회_환경노동위원회.csv,0.12373633411097389
더불어민주당,자유한국당,0.017883500398467506,20대_소관위원회_환경노동위원회.csv,0.12373633411097389
더불어민주당,정의당,0.09279256487404416,20대_소관위원회_환경노동위원회.csv,0.12373633411097389
자유한국당,국민의당,0.04828238864410868,20대_소관위원회_환경노동위원회.csv,0.12373633411097389
자유한국당,더불어민주당,0.025645304083536293,20대_소관위원회_환경노동위원회.csv,0.12373633411097389
자유한국당,자유한국당,0.9290061414461008,20대_소관위원회_환경노동위원회.csv,0.12373633411097389
자유한국당,정의당,0.006288826227841187,20대_소관위원회_환경노동위원회.csv,0.12373633411097389
정의당,국민의당,0.037664927257922275,20대_소관위원회_환경노동위원회.csv,0.12373633411097389
정의당,더불어민주당,0.09126342230892832,20대_소관위원회_환경노동위원회.csv,0.12373633411097389
정의당,자유한국당,0.0026485636718621406,20대_소관위원회_환경노동위원회.csv,0.12373633411097389
정의당,정의당,0.5004009802382039,20대_소관위원회_환경노동위원회.csv,0.12373633411097389
국민의당,국민의당,0.6953084351135109,20대_소관위원회_교육위원회.csv,0.11107921928817452
국민의당,더불어민주당,0.08626991817005707,20대_소관위원회_교육위원회.csv,0.11107921928817452
국민의당,자유한국당,0.044452888340111865,20대_소관위원회_교육위원회.csv,0.11107921928817452
국민의당,정의당,0.008998425413316951,20대_소관위원회_교육위원회.csv,0.11107921928817452
더불어민주당,국민의당,0.13405226717365237,20대_소관위원회_교육위원회.csv,0.11107921928817452
더불어민주당,더불어민주당,0.922174903789185,20대_소관위원회_교육위원회.csv,0.11107921928817452
더불어민주당,자유한국당,0.02185737736214601,20대_소관위원회_교육위원회.csv,0.11107921928817452
더불어민주당,정의당,0.07843438815440162,20대_소관위원회_교육위원회.csv,0.11107921928817452
자유한국당,국민의당,0.025060176406640138,20대_소관위원회_교육위원회.csv,0.11107921928817452
자유한국당,더불어민주당,0.01277554743758722,20대_소관위원회_교육위원회.csv,0.11107921928817452
자유한국당,자유한국당,0.9461985177857849,20대_소관위원회_교육위원회.csv,0.11107921928817452
자유한국당,정의당,0.00256917497769354,20대_소관위원회_교육위원회.csv,0.11107921928817452
정의당,국민의당,0.04717016116601467,20대_소관위원회_교육위원회.csv,0.11107921928817452
정의당,더불어민주당,0.0862810038983564,20대_소관위원회_교육위원회.csv,0.11107921928817452
정의당,자유한국당,0.0011740656075696337,20대_소관위원회_교육위원회.csv,0.11107921928817452
정의당,정의당,0.5301753583984463,20대_소관위원회_교육위원회.csv,0.11107921928817452
국민의당,국민의당,0.6817956675878105,20대_소관위원회_농림축산식품해양수산위원회.csv,0.19937988676193044
국민의당,더불어민주당,0.1800510210597782,20대_소관위원회_농림축산식품해양수산위원회.csv,0.19937988676193044
국민의당,자유한국당,0.09386667060242285,20대_소관위원회_농림축산식품해양수산위원회.csv,0.19937988676193044
국민의당,정의당,0.02969682980990332,20대_소관위원회_농림축산식품해양수산위원회.csv,0.19937988676193044
더불어민주당,국민의당,0.1296596229437067,20대_소관위원회_농림축산식품해양수산위원회.csv,0.19937988676193044
더불어민주당,더불어민주당,0.8437623775802091,20대_소관위원회_농림축산식품해양수산위원회.csv,0.19937988676193044
더불어민주당,자유한국당,0.047224112973898634,20대_소관위원회_농림축산식품해양수산위원회.csv,0.19937988676193044
더불어민주당,정의당,0.07097789590841881,20대_소관위원회_농림축산식품해양수산위원회.csv,0.19937988676193044
자유한국당,국민의당,0.08188340114461269,20대_소관위원회_농림축산식품해양수산위원회.csv,0.19937988676193044
자유한국당,더불어민주당,0.060063708321176454,20대_소관위원회_농림축산식품해양수산위원회.csv,0.19937988676193044
자유한국당,자유한국당,0.8428989745116688,20대_소관위원회_농림축산식품해양수산위원회.csv,0.19937988676193044
자유한국당,정의당,0.0026406604040084733,20대_소관위원회_농림축산식품해양수산위원회.csv,0.19937988676193044
정의당,국민의당,0.024112856379463303,20대_소관위원회_농림축산식품해양수산위원회.csv,0.19937988676193044
정의당,더불어민주당,0.04183219438629251,20대_소관위원회_농림축산식품해양수산위원회.csv,0.19937988676193044
정의당,정의당,0.413802944301184,20대_소관위원회_농림축산식품해양수산위원회.csv,0.19937988676193044
국민의당,국민의당,0.6750414584653045,20대_소관위원회_문화체육관광위원회.csv,0.13679304698324726
국민의당,더불어민주당,0.13550213625819965,20대_소관위원회_문화체육관광위원회.csv,0.13679304698324726
국민의당,자유한국당,0.0672587581713893,20대_소관위원회_문화체육관광위원회.csv,0.13679304698324726
국민의당,정의당,0.021829875660535552,20대_소관위원회_문화체육관광위원회.csv,0.13679304698324726
더불어민주당,국민의당,0.1274925648282015,20대_소관위원회_문화체육관광위원회.csv,0.13679304698324726
더불어민주당,더불어민주당,0.9047933796476003,20대_소관위원회_문화체육관광위원회.csv,0.13679304698324726
더불어민주당,자유한국당,0.023153925591813,20대_소관위원회_문화체육관광위원회.csv,0.13679304698324726
더불어민주당,정의당,0.07348563702821814,20대_소관위원회_문화체육관광위원회.csv,0.13679304698324726
자유한국당,국민의당,0.05597119119273725,20대_소관위원회_문화체육관광위원회.csv,0.13679304698324726
자유한국당,더불어민주당,0.030618966953723136,20대_소관위원회_문화체육관광위원회.csv,0.13679304698324726
자유한국당,자유한국당,0.9087318351681998,20대_소관위원회_문화체육관광위원회.csv,0.13679304698324726
자유한국당,정의당,0.008910908559782953,20대_소관위원회_문화체육관광위원회.csv,0.13679304698324726
정의당,국민의당,0.03987848192657354,20대_소관위원회_문화체육관광위원회.csv,0.13679304698324726
정의당,더불어민주당,0.04506445643702489,20대_소관위원회_문화체육관광위원회.csv,0.13679304698324726
정의당,자유한국당,0.003563686870567335,20대_소관위원회_문화체육관광위원회.csv,0.13679304698324726
정의당,정의당,0.21398024625545645,20대_소관위원회_문화체육관광위원회.csv,0.13679304698324726
국민의당,국민의당,0.683837169007131,20대_소관위원회_과학기술정보방송통신위원회.csv,0.14606525911708254
국민의당,더불어민주당,0.1135619587963135,20대_소관위원회_과학기술정보방송통신위원회.csv,0.14606525911708254
국민의당,자유한국당,0.07826929845255627,20대_소관위원회_과학기술정보방송통신위원회.csv,0.14606525911708254
국민의당,정의당,0.012852670201212597,20대_소관위원회_과학기술정보방송통신위원회.csv,0.14606525911708254
더불어민주당,국민의당,0.14937551502352667,20대_소관위원회_과학기술정보방송통신위원회.csv,0.14606525911708254
더불어민주당,더불어민주당,0.89292473666718,20대_소관위원회_과학기술정보방송통신위원회.csv,0.14606525911708254
더불어민주당,자유한국당,0.015299810245907167,20대_소관위원회_과학기술정보방송통신위원회.csv,0.14606525911708254
더불어민주당,정의당,0.11326372119621834,20대_소관위원회_과학기술정보방송통신위원회.csv,0.14606525911708254
자유한국당,국민의당,0.051616473501519995,20대_소관위원회_과학기술정보방송통신위원회.csv,0.14606525911708254
자유한국당,더불어민주당,0.02224299508394027,20대_소관위원회_과학기술정보방송통신위원회.csv,0.14606525911708254
자유한국당,자유한국당,0.92008681441407,20대_소관위원회_과학기술정보방송통신위원회.csv,0.14606525911708254
자유한국당,정의당,0.0025897481848054663,20대_소관위원회_과학기술정보방송통신위원회.csv,0.14606525911708254
정의당,국민의당,0.030995992018161132,20대_소관위원회_과학기술정보방송통신위원회.csv,0.14606525911708254
정의당,더불어민주당,0.07951111018771956,20대_소관위원회_과학기술정보방송통신위원회.csv,0.14606525911708254
정의당,자유한국당,0.0028220171376626174,20대_소관위원회_과학기술정보방송통신위원회.csv,0.14606525911708254
정의당,정의당,0.4077972019027269,20대_소관위원회_과학기술정보방송통신위원회.csv,0.14606525911708254
국민의당,국민의당,0.7154098036050796,20대_소관위원회_국회운영위원회.csv,0.1318332829960737
국민의당,더불어민주당,0.10630100864134295,20대_소관위원회_국회운영위원회.csv,0.1318332829960737
국민의당,자유한국당,0.03753787605664508,20대_소관위원회_국회운영위원회.csv,0.1318332829960737
국민의당,정의당,0.03430115828391886,20대_소관위원회_국회운영위원회.csv,0.1318332829960737
더불어민주당,국민의당,0.10254716783580928,20대_소관위원회_국회운영위원회.csv,0.1318332829960737
더불어민주당,더불어민주당,0.9061375598865665,20대_소관위원회_국회운영위원회.csv,0.1318332829960737
더불어민주당,자유한국당,0.005672330029055203,20대_소관위원회_국회운영위원회.csv,0.1318332829960737
더불어민주당,정의당,0.07536841278227038,20대_소관위원회_국회운영위원회.csv,0.1318332829960737
자유한국당,국민의당,0.06570708753383933,20대_소관위원회_국회운영위원회.csv,0.1318332829960737
자유한국당,더불어민주당,0.04501839262607994,20대_소관위원회_국회운영위원회.csv,0.1318332829960737
자유한국당,자유한국당,0.9229976483021946,20대_소관위원회_국회운영위원회.csv,0.1318332829960737
자유한국당,정의당,0.009013121118281658,20대_소관위원회_국회운영위원회.csv,0.1318332829960737
정의당,국민의당,0.07887494401803861,20대_소관위원회_국회운영위원회.csv,0.1318332829960737
정의당,더불어민주당,0.09075186440528268,20대_소관위원회_국회운영위원회.csv,0.1318332829960737
정의당,자유한국당,0.0016845236808449222,20대_소관위원회_국회운영위원회.csv,0.1318332829960737
정의당,정의당,0.47827472587341485,20대_소관위원회_국회운영위원회.csv,0.1318332829960737
국민의당,국민의당,0.7094487466989956,20대_소관위원회_국방위원회.csv,0.14961211673439231
국민의당,더불어민주당,0.12566634831232085,20대_소관위원회_국방위원회.csv,0.14961211673439231
국민의당,자유한국당,0.047847164122813986,20대_소관위원회_국방위원회.csv,0.14961211673439231
국민의당,정의당,0.036588086663230115,20대_소관위원회_국방위원회.csv,0.14961211673439231
더불어민주당,국민의당,0.10987577057216023,20대_소관위원회_국방위원회.csv,0.14961211673439231
더불어민주당,더불어민주당,0.8789445981961218,20대_소관위원회_국방위원회.csv,0.14961211673439231
더불어민주당,자유한국당,0.04023417220311063,20대_소관위원회_국방위원회.csv,0.14961211673439231
더불어민주당,정의당,0.07647681192214398,20대_소관위원회_국방위원회.csv,0.14961211673439231
자유한국당,국민의당,0.04505708172749018,20대_소관위원회_국방위원회.csv,0.14961211673439231
자유한국당,더불어민주당,0.026595838741673875,20대_소관위원회_국방위원회.csv,0.14961211673439231
자유한국당,자유한국당,0.9198317943015355,20대_소관위원회_국방위원회.csv,0.14961211673439231
자유한국당,정의당,0.00385197038234441,20대_소관위원회_국방위원회.csv,0.14961211673439231
정의당,국민의당,0.040750689984827226,20대_소관위원회_국방위원회.csv,0.14961211673439231
정의당,더불어민주당,0.1290033852673346,20대_소관위원회_국방위원회.csv,0.14961211673439231
정의당,자유한국당,0.016189922144842963,20대_소관위원회_국방위원회.csv,0.14961211673439231
정의당,정의당,0.5077657570983436,20대_소관위원회_국방위원회.csv,0.14961211673439231
국민의당,국민의당,0.7519625540870608,20대_소관위원회_여성가족위원회.csv,0.12183738639154999
국민의당,더불어민주당,0.10485174980308029,20대_소관위원회_여성가족위원회.csv,0.12183738639154999
국민의당,자유한국당,0.09391764126041764,20대_소관위원회_여성가족위원회.csv,0.12183738639154999
국민의당,정의당,0.04438660428071458,20대_소관위원회_여성가족위원회.csv,0.12183738639154999
더불어민주당,국민의당,0.08741610674764018,20대_소관위원회_여성가족위원회.csv,0.12183738639154999
더불어민주당,더불어민주당,0.9218409346764357,20대_소관위원회_여성가족위원회.csv,0.12183738639154999
더불어민주당,자유한국당,0.0026980334691819236,20대_소관위원회_여성가족위원회.csv,0.12183738639154999
더불어민주당,정의당,0.13209115017246958,20대_소관위원회_여성가족위원회.csv,0.12183738639154999
자유한국당,국민의당,0.05328122580282745,20대_소관위원회_여성가족위원회.csv,0.12183738639154999
자유한국당,더불어민주당,0.01701410313206072,20대_소관위원회_여성가족위원회.csv,0.12183738639154999
자유한국당,자유한국당,0.9168007331001835,20대_소관위원회_여성가족위원회.csv,0.12183738639154999
정의당,국민의당,0.016492356533176447,20대_소관위원회_여성가족위원회.csv,0.12183738639154999
정의당,더불어민주당,0.0387610365430873,20대_소관위원회_여성가족위원회.csv,0.12183738639154999
정의당,자유한국당,0.007317225523830779,20대_소관위원회_여성가족위원회.csv,0.12183738639154999
정의당,정의당,0.21629522817435007,20대_소관위원회_여성가족위원회.csv,0.12183738639154999
국민의당,국민의당,0.7414786082027418,20대_소관위원회_외교통일위원회.csv,0.11467473524962178
국민의당,더불어민주당,0.13317072277038972,20대_소관위원회_외교통일위원회.csv,0.11467473524962178
국민의당,자유한국당,0.03249602363470927,20대_소관위원회_외교통일위원회.csv,0.11467473524962178
국민의당,정의당,0.021409464361527523,20대_소관위원회_외교통일위원회.csv,0.11467473524962178
더불어민주당,국민의당,0.09196724776693062,20대_소관위원회_외교통일위원회.csv,0.11467473524962178
더불어민주당,더불어민주당,0.9144842195487679,20대_소관위원회_외교통일위원회.csv,0.11467473524962178
더불어민주당,자유한국당,0.03197063120045651,20대_소관위원회_외교통일위원회.csv,0.11467473524962178
더불어민주당,정의당,0.08109377545494188,20대_소관위원회_외교통일위원회.csv,0.11467473524962178
자유한국당,국민의당,0.03430159307845414,20대_소관위원회_외교통일위원회.csv,0.11467473524962178
자유한국당,더불어민주당,0.021594403455842393,20대_소관위원회_외교통일위원회.csv,0.11467473524962178
자유한국당,자유한국당,0.9309749236803088,20대_소관위원회_외교통일위원회.csv,0.11467473524962178
자유한국당,정의당,0.005957554687344993,20대_소관위원회_외교통일위원회.csv,0.11467473524962178
정의당,국민의당,0.009224134606343283,20대_소관위원회_외교통일위원회.csv,0.11467473524962178
정의당,더불어민주당,0.05677965053920252,20대_소관위원회_외교통일위원회.csv,0.11467473524962178
정의당,정의당,0.3524536884251207,20대_소관위원회_외교통일위원회.csv,0.11467473524962178
국민의당,국민의당,0.7745966692414834,20대_소관위원회_정보위원회.csv,0.05188679245283019
국민의당,더불어민주당,0.058608708585388296,20대_소관위원회_정보위원회.csv,0.05188679245283019
국민의당,정의당,0.07453559924999299,20대_소관위원회_정보위원회.csv,0.05188679245283019
더불어민주당,국민의당,0.07994118492388491,20대_소관위원회_정보위원회.csv,0.05188679245283019
더불어민주당,더불어민주당,0.9549924636153493,20대_소관위원회_정보위원회.csv,0.05188679245283019
더불어민주당,정의당,0.12461597451488504,20대_소관위원회_정보위원회.csv,0.05188679245283019
자유한국당,국민의당,0.009021097956087904,20대_소관위원회_정보위원회.csv,0.05188679245283019
자유한국당,자유한국당,0.9980449639169571,20대_소관위원회_정보위원회.csv,0.05188679245283019
정의당,국민의당,0.048112522432468816,20대_소관위원회_정보위원회.csv,0.05188679245283019
정의당,더불어민주당,0.056165595630173044,20대_소관위원회_정보위원회.csv,0.05188679245283019
정의당,정의당,0.4166666666666667,20대_소관위원회_정보위원회.csv,0.05188679245283019
