Id,Label,Party,Reselection,District_Type,Gender,Role
문금주,문금주,더불어민주당,초선,지역구,남,Representative
김기웅,김기웅,국민의힘,초선,지역구,남,Representative
조계원,조계원,더불어민주당,초선,지역구,남,Representative
양부남,양부남,더불어민주당,초선,지역구,남,Representative
이기헌,이기헌,더불어민주당,초선,지역구,남,Representative
나경원,나경원,국민의힘,5선,지역구,여,Representative
김예지,김예지,국민의힘,재선,비례대표,여,Representative
정동만,정동만,국민의힘,재선,지역구,남,Representative
서범수,서범수,국민의힘,재선,지역구,남,Representative
김승원,김승원,더불어민주당,재선,지역구,남,Representative
정점식,정점식,국민의힘,3선,지역구,남,Representative
이상식,이상식,더불어민주당,초선,지역구,남,Representative
김교흥,김교흥,더불어민주당,3선,지역구,남,Representative
박정현,박정현,더불어민주당,초선,지역구,여,Representative
박성훈,박성훈,국민의힘,초선,지역구,남,Representative
정진욱,정진욱,더불어민주당,초선,지역구,남,Representative
김성원,김성원,국민의힘,3선,지역구,남,Representative
조경태,조경태,국민의힘,6선,지역구,남,Representative
윤상현,윤상현,국민의힘,5선,지역구,남,Representative
김병기,김병기,더불어민주당,3선,지역구,남,Representative
이상휘,이상휘,국민의힘,초선,지역구,남,Representative
주진우,주진우,국민의힘,초선,지역구,남,Representative
신성범,신성범,국민의힘,3선,지역구,남,Representative
윤종오,윤종오,진보당,재선,지역구,남,Representative
윤재옥,윤재옥,국민의힘,4선,지역구,남,Representative
박홍배,박홍배,더불어민주당,초선,비례대표,남,Representative
민형배,민형배,더불어민주당,재선,지역구,남,Representative
이병진,이병진,더불어민주당,초선,지역구,남,Representative
김영호,김영호,더불어민주당,3선,지역구,남,Representative
이개호,이개호,더불어민주당,4선,지역구,남,Representative
이용우,이용우,더불어민주당,초선,지역구,남,Representative
이만희,이만희,국민의힘,3선,지역구,남,Representative
김장겸,김장겸,국민의힘,초선,비례대표,남,Representative
김성회,김성회,더불어민주당,초선,지역구,남,Representative
권칠승,권칠승,더불어민주당,3선,지역구,남,Representative
오기형,오기형,더불어민주당,재선,지역구,남,Representative
유영하,유영하,국민의힘,초선,지역구,남,Representative
박지혜,박지혜,더불어민주당,초선,지역구,여,Representative
신동욱,신동욱,국민의힘,초선,지역구,남,Representative
한준호,한준호,더불어민주당,재선,지역구,남,Representative
강승규,강승규,국민의힘,재선,지역구,남,Representative
김석기,김석기,국민의힘,3선,지역구,남,Representative
이인선,이인선,국민의힘,재선,지역구,여,Representative
안호영,안호영,더불어민주당,3선,지역구,남,Representative
이종배,이종배,국민의힘,4선,지역구,남,Representative
송언석,송언석,국민의힘,3선,지역구,남,Representative
이해식,이해식,더불어민주당,재선,지역구,남,Representative
부승찬,부승찬,더불어민주당,초선,지역구,남,Representative
박형수,박형수,국민의힘,재선,지역구,남,Representative
이정헌,이정헌,더불어민주당,초선,지역구,남,Representative
윤호중,윤호중,더불어민주당,5선,지역구,남,Representative
임이자,임이자,국민의힘,3선,지역구,여,Representative
김민전,김민전,국민의힘,초선,비례대표,여,Representative
허영,허영,더불어민주당,재선,지역구,남,Representative
강민국,강민국,국민의힘,재선,지역구,남,Representative
임오경,임오경,더불어민주당,재선,지역구,여,Representative
김우영,김우영,더불어민주당,초선,지역구,남,Representative
이양수,이양수,국민의힘,3선,지역구,남,Representative
박민규,박민규,더불어민주당,초선,지역구,남,Representative
인요한,인요한,국민의힘,초선,비례대표,남,Representative
박해철,박해철,더불어민주당,초선,지역구,남,Representative
조승래,조승래,더불어민주당,3선,지역구,남,Representative
배준영,배준영,국민의힘,재선,지역구,남,Representative
김승수,김승수,국민의힘,재선,지역구,남,Representative
박수영,박수영,국민의힘,재선,지역구,남,Representative
서왕진,서왕진,조국혁신당,초선,비례대표,남,Representative
박찬대,박찬대,더불어민주당,3선,지역구,남,Representative
황운하,황운하,조국혁신당,재선,비례대표,남,Representative
백승아,백승아,더불어민주당,초선,비례대표,여,Representative
박은정,박은정,조국혁신당,초선,비례대표,여,Representative
김태선,김태선,더불어민주당,초선,지역구,남,Representative
전용기,전용기,더불어민주당,재선,지역구,남,Representative
황명선,황명선,더불어민주당,초선,지역구,남,Representative
민병덕,민병덕,더불어민주당,재선,지역구,남,Representative
김동아,김동아,더불어민주당,초선,지역구,남,Representative
배현진,배현진,국민의힘,재선,지역구,여,Representative
서영석,서영석,더불어민주당,재선,지역구,남,Representative
염태영,염태영,더불어민주당,초선,지역구,남,Representative
박대출,박대출,국민의힘,4선,지역구,남,Representative
최기상,최기상,더불어민주당,재선,지역구,남,Representative
진종오,진종오,국민의힘,초선,비례대표,남,Representative
정성국,정성국,국민의힘,초선,지역구,남,Representative
전진숙,전진숙,더불어민주당,초선,지역구,여,Representative
송기헌,송기헌,더불어민주당,3선,지역구,남,Representative
김종민,김종민,새로운미래,3선,지역구,남,Representative
최형두,최형두,국민의힘,재선,지역구,남,Representative
어기구,어기구,더불어민주당,3선,지역구,남,Representative
정연욱,정연욱,국민의힘,초선,지역구,남,Representative
서지영,서지영,국민의힘,초선,지역구,여,Representative
김소희,김소희,국민의힘,초선,비례대표,여,Representative
한창민,한창민,더불어민주당,초선,비례대표,남,Representative
천준호,천준호,더불어민주당,재선,지역구,남,Representative
박충권,박충권,국민의힘,초선,비례대표,남,Representative
최수진,최수진,국민의힘,초선,비례대표,여,Representative
고민정,고민정,더불어민주당,재선,지역구,여,Representative
성일종,성일종,국민의힘,3선,지역구,남,Representative
엄태영,엄태영,국민의힘,재선,지역구,남,Representative
이재정,이재정,더불어민주당,3선,지역구,여,Representative
김정재,김정재,국민의힘,3선,지역구,여,Representative
이원택,이원택,더불어민주당,재선,지역구,남,Representative
김준혁,김준혁,더불어민주당,초선,지역구,남,Representative
김은혜,김은혜,국민의힘,재선,지역구,여,Representative
김정호,김정호,더불어민주당,3선,지역구,남,Representative
박정훈,박정훈,국민의힘,초선,지역구,남,Representative
박정하,박정하,국민의힘,재선,지역구,남,Representative
김상욱,김상욱,국민의힘,초선,지역구,남,Representative
박준태,박준태,국민의힘,초선,비례대표,남,Representative
김준형,김준형,조국혁신당,초선,비례대표,남,Representative
서미화,서미화,더불어민주당,초선,비례대표,여,Representative
맹성규,맹성규,더불어민주당,3선,지역구,남,Representative
서삼석,서삼석,더불어민주당,3선,지역구,남,Representative
우재준,우재준,국민의힘,초선,지역구,남,Representative
김현정,김현정,더불어민주당,초선,지역구,남,Representative
강명구,강명구,국민의힘,초선,지역구,남,Representative
안철수,안철수,국민의힘,4선,지역구,남,Representative
김주영,김주영,더불어민주당,재선,지역구,남,Representative
이인영,이인영,더불어민주당,5선,지역구,남,Representative
이학영,이학영,더불어민주당,4선,지역구,남,Representative
우원식,우원식,더불어민주당,5선,지역구,남,Co-Sponsor
이춘석,이춘석,더불어민주당,4선,지역구,남,Representative
이주영,이주영,개혁신당,초선,비례대표,여,Representative
송재봉,송재봉,더불어민주당,초선,지역구,남,Representative
복기왕,복기왕,더불어민주당,재선,지역구,남,Representative
임호선,임호선,더불어민주당,재선,지역구,남,Representative
유동수,유동수,더불어민주당,3선,지역구,남,Representative
차규근,차규근,조국혁신당,초선,비례대표,남,Representative
천하람,천하람,개혁신당,초선,비례대표,남,Representative
서영교,서영교,더불어민주당,4선,지역구,여,Representative
박수민,박수민,국민의힘,초선,지역구,남,Representative
강준현,강준현,더불어민주당,재선,지역구,남,Representative
김건,김건,국민의힘,초선,비례대표,남,Representative
이해민,이해민,조국혁신당,초선,비례대표,여,Representative
문대림,문대림,더불어민주당,초선,지역구,남,Representative
장종태,장종태,더불어민주당,초선,지역구,남,Representative
한병도,한병도,더불어민주당,3선,지역구,남,Representative
박지원,박지원,더불어민주당,5선,지역구,남,Representative
김용민,김용민,더불어민주당,재선,지역구,남,Representative
김문수,김문수,더불어민주당,초선,지역구,남,Representative
임미애,임미애,더불어민주당,초선,비례대표,여,Representative
신영대,신영대,더불어민주당,재선,지역구,남,Representative
김종양,김종양,국민의힘,초선,지역구,남,Representative
위성곤,위성곤,더불어민주당,3선,지역구,남,Representative
정동영,정동영,더불어민주당,5선,지역구,남,Representative
강선우,강선우,더불어민주당,재선,지역구,여,Representative
장철민,장철민,더불어민주당,재선,지역구,남,Representative
정을호,정을호,더불어민주당,초선,비례대표,남,Representative
김현,김현,더불어민주당,재선,지역구,여,Representative
강경숙,강경숙,조국혁신당,초선,비례대표,여,Representative
김형동,김형동,국민의힘,재선,지역구,남,Representative
조승환,조승환,국민의힘,초선,지역구,남,Representative
김기현,김기현,국민의힘,5선,지역구,남,Representative
윤건영,윤건영,더불어민주당,재선,지역구,남,Representative
박균택,박균택,더불어민주당,초선,지역구,남,Representative
윤준병,윤준병,더불어민주당,재선,지역구,남,Representative
박성준,박성준,더불어민주당,재선,지역구,남,Representative
권성동,권성동,국민의힘,5선,지역구,남,Representative
조인철,조인철,더불어민주당,초선,지역구,남,Representative
장경태,장경태,더불어민주당,재선,지역구,남,Representative
백종헌,백종헌,국민의힘,재선,지역구,남,Representative
정준호,정준호,더불어민주당,초선,지역구,남,Representative
박성민,박성민,국민의힘,재선,지역구,남,Representative
정춘생,정춘생,조국혁신당,초선,비례대표,여,Representative
신장식,신장식,조국혁신당,초선,비례대표,남,Representative
박용갑,박용갑,더불어민주당,초선,지역구,남,Representative
박희승,박희승,더불어민주당,초선,지역구,남,Representative
양문석,양문석,더불어민주당,초선,지역구,남,Representative
오세희,오세희,더불어민주당,초선,비례대표,여,Representative
황정아,황정아,더불어민주당,초선,지역구,여,Representative
조은희,조은희,국민의힘,재선,지역구,여,Representative
정희용,정희용,국민의힘,재선,지역구,남,Representative
이성권,이성권,국민의힘,재선,지역구,남,Representative
김용만,김용만,더불어민주당,초선,지역구,남,Representative
구자근,구자근,국민의힘,재선,지역구,남,Representative
한지아,한지아,국민의힘,초선,비례대표,여,Representative
조배숙,조배숙,국민의힘,5선,비례대표,여,Representative
박범계,박범계,더불어민주당,4선,지역구,남,Representative
강득구,강득구,더불어민주당,재선,지역구,남,Representative
김영환,김영환,더불어민주당,초선,지역구,남,Representative
김용태,김용태,국민의힘,초선,지역구,남,Representative
임종득,임종득,국민의힘,초선,지역구,남,Representative
김상훈,김상훈,국민의힘,4선,지역구,남,Representative
김기표,김기표,더불어민주당,초선,지역구,남,Representative
이성윤,이성윤,더불어민주당,초선,지역구,남,Representative
서천호,서천호,국민의힘,초선,지역구,남,Representative
소병훈,소병훈,더불어민주당,3선,지역구,남,Representative
김태호,김태호,국민의힘,4선,지역구,남,Representative
김영배,김영배,더불어민주당,재선,지역구,남,Representative
윤종군,윤종군,더불어민주당,초선,지역구,남,Representative
박덕흠,박덕흠,국민의힘,4선,지역구,남,Representative
안상훈,안상훈,국민의힘,초선,비례대표,남,Representative
강선영,강선영,국민의힘,초선,비례대표,여,Representative
강훈식,강훈식,더불어민주당,3선,지역구,남,Representative
정성호,정성호,더불어민주당,5선,지역구,남,Representative
안도걸,안도걸,더불어민주당,초선,지역구,남,Representative
강유정,강유정,더불어민주당,초선,비례대표,여,Representative
이건태,이건태,더불어민주당,초선,지역구,남,Representative
이강일,이강일,더불어민주당,초선,지역구,남,Representative
이철규,이철규,국민의힘,3선,지역구,남,Representative
허성무,허성무,더불어민주당,초선,지역구,남,Representative
송옥주,송옥주,더불어민주당,3선,지역구,여,Representative
정태호,정태호,더불어민주당,재선,지역구,남,Representative
김재섭,김재섭,국민의힘,초선,지역구,남,Representative
차지호,차지호,더불어민주당,초선,지역구,남,Representative
김윤,김윤,더불어민주당,초선,비례대표,남,Representative
이언주,이언주,더불어민주당,3선,지역구,여,Representative
이재강,이재강,더불어민주당,초선,지역구,남,Representative
김영진,김영진,더불어민주당,3선,지역구,남,Representative
장동혁,장동혁,국민의힘,재선,지역구,남,Representative
김도읍,김도읍,국민의힘,4선,지역구,남,Representative
전현희,전현희,더불어민주당,3선,지역구,여,Representative
전종덕,전종덕,더불어민주당,초선,비례대표,여,Representative
문진석,문진석,더불어민주당,재선,지역구,남,Representative
황희,황희,더불어민주당,3선,지역구,남,Representative
최은석,최은석,국민의힘,초선,지역구,남,Representative
김선교,김선교,국민의힘,재선,지역구,남,Representative
이헌승,이헌승,국민의힘,4선,지역구,남,Representative
이재명,이재명,더불어민주당,재선,지역구,남,Representative
송석준,송석준,국민의힘,3선,지역구,남,Representative
김민석,김민석,더불어민주당,4선,지역구,남,Representative
곽상언,곽상언,더불어민주당,초선,지역구,남,Representative
박수현,박수현,더불어민주당,재선,지역구,남,Representative
최민희,최민희,더불어민주당,재선,지역구,여,Representative
이광희,이광희,더불어민주당,초선,지역구,남,Representative
박상혁,박상혁,더불어민주당,재선,지역구,남,Representative
이훈기,이훈기,더불어민주당,초선,지역구,남,Representative
최보윤,최보윤,국민의힘,초선,비례대표,여,Representative
유용원,유용원,국민의힘,초선,비례대표,남,Representative
서일준,서일준,국민의힘,재선,지역구,남,Representative
서명옥,서명옥,국민의힘,초선,지역구,여,Representative
김윤덕,김윤덕,더불어민주당,3선,지역구,남,Representative
주철현,주철현,더불어민주당,재선,지역구,남,Representative
진성준,진성준,더불어민주당,3선,지역구,남,Representative
한정애,한정애,더불어민주당,4선,지역구,여,Representative
김재원,김재원,조국혁신당,초선,비례대표,여,Representative
추경호,추경호,국민의힘,3선,지역구,남,Representative
백혜련,백혜련,더불어민주당,3선,지역구,여,Representative
용혜인,용혜인,더불어민주당,재선,비례대표,여,Representative
채현일,채현일,더불어민주당,초선,지역구,남,Representative
윤후덕,윤후덕,더불어민주당,4선,지역구,남,Representative
홍기원,홍기원,더불어민주당,재선,지역구,남,Representative
윤영석,윤영석,국민의힘,4선,지역구,남,Representative
문정복,문정복,더불어민주당,재선,지역구,여,Representative
정혜경,정혜경,더불어민주당,초선,비례대표,여,Representative
김병주,김병주,더불어민주당,재선,지역구,남,Representative
김태년,김태년,더불어민주당,5선,지역구,남,Representative
박주민,박주민,더불어민주당,3선,지역구,남,Representative
김미애,김미애,국민의힘,재선,지역구,여,Representative
김남희,김남희,더불어민주당,초선,지역구,여,Representative
권영세,권영세,국민의힘,5선,지역구,남,Representative
곽규택,곽규택,국민의힘,초선,지역구,남,Representative
이수진,이수진,더불어민주당,재선,지역구,여,Representative
nan,nan,,,,,Co-Sponsor
윤한홍,윤한홍,국민의힘,3선,지역구,남,Representative
주호영,주호영,국민의힘,6선,지역구,남,Representative
김원이,김원이,더불어민주당,재선,지역구,남,Representative
이종욱,이종욱,국민의힘,초선,지역구,남,Representative
김희정,김희정,국민의힘,3선,지역구,여,Representative
이달희,이달희,국민의힘,초선,비례대표,여,Representative
임광현,임광현,더불어민주당,초선,비례대표,남,Representative
손명수,손명수,더불어민주당,초선,지역구,남,Representative
권향엽,권향엽,더불어민주당,초선,지역구,여,Representative
고동진,고동진,국민의힘,초선,지역구,남,Representative
강대식,강대식,국민의힘,재선,지역구,남,Representative
이준석,이준석,개혁신당,초선,지역구,남,Representative
신정훈,신정훈,더불어민주당,3선,지역구,남,Representative
김대식,김대식,국민의힘,초선,지역구,남,Representative
한기호,한기호,국민의힘,4선,지역구,남,Representative
김한규,김한규,더불어민주당,재선,지역구,남,Representative
이소영,이소영,더불어민주당,재선,지역구,여,Representative
허종식,허종식,더불어민주당,재선,지역구,남,Representative
이용선,이용선,더불어민주당,재선,지역구,남,Representative
추미애,추미애,더불어민주당,6선,지역구,여,Representative
노종면,노종면,더불어민주당,초선,지역구,남,Representative
위성락,위성락,더불어민주당,초선,비례대표,남,Representative
박홍근,박홍근,더불어민주당,4선,지역구,남,Representative
이재관,이재관,더불어민주당,초선,지역구,남,Representative
김위상,김위상,국민의힘,초선,비례대표,남,Representative
이정문,이정문,더불어민주당,재선,지역구,남,Representative
김남근,김남근,더불어민주당,초선,지역구,남,Representative
이연희,이연희,더불어민주당,초선,지역구,남,Representative
권영진,권영진,국민의힘,재선,지역구,남,Representative
민홍철,민홍철,더불어민주당,4선,지역구,남,Representative
박선원,박선원,더불어민주당,초선,지역구,남,Representative
모경종,모경종,더불어민주당,초선,지역구,남,Representative
한민수,한민수,더불어민주당,초선,지역구,남,Representative
정일영,정일영,더불어민주당,재선,지역구,남,Representative
김성환,김성환,더불어민주당,3선,지역구,남,Representative
유상범,유상범,국민의힘,재선,지역구,남,Representative
남인순,남인순,더불어민주당,4선,지역구,여,Representative
조정식,조정식,더불어민주당,6선,지역구,남,Representative
안태준,안태준,더불어민주당,초선,지역구,남,Representative
전재수,전재수,더불어민주당,3선,지역구,남,Representative
진선미,진선미,더불어민주당,4선,지역구,여,Representative
안규백,안규백,더불어민주당,5선,지역구,남,Representative
조국,조국,조국혁신당,초선,비례대표,남,Representative
조정훈,조정훈,국민의힘,재선,지역구,남,Representative
정청래,정청래,더불어민주당,4선,지역구,남,Representative
박상웅,박상웅,국민의힘,초선,지역구,남,Representative
박정,박정,더불어민주당,3선,지역구,남,Representative
조지연,조지연,국민의힘,초선,지역구,여,Representative
김선민,김선민,조국혁신당,초선,비례대표,여,Representative
